hour,log_entries,total_records,errors
2026-03-30T13,75,976,0
2026-03-30T15,66,539,0
2026-03-30T17,27,89,0
2026-03-30T20,6,520,0
2026-03-30T22,9,67,0
2026-03-31T00,10,212,0
2026-03-31T02,31,1668,0
2026-03-31T05,23,1732,0
2026-03-31T07,65,861,0
2026-03-31T09,45,622,0
2026-03-31T11,89,986,0
2026-03-31T13,81,430,0
2026-03-31T16,37,248,0
2026-03-31T19,11,139,0
2026-03-31T21,18,605,0
2026-03-31T23,14,465,0
2026-04-01T01,18,1592,0
2026-04-01T04,26,1605,0
2026-04-01T05,16,164,0
2026-04-01T07,72,695,0
2026-04-01T09,75,1053,0
2026-04-01T12,88,1369,0
2026-04-01T14,86,664,0
2026-04-01T15,6,51,0
2026-04-01T17,26,156,0
2026-04-01T20,16,431,0
2026-04-01T22,26,120,0
2026-04-02T00,14,355,0
2026-04-02T02,29,1899,0
2026-04-02T05,26,1783,0
2026-04-02T07,63,645,0
2026-04-02T09,72,990,0
2026-04-02T10,5,20,0
